[{"model": "contenttypes.contenttype", "pk": 1, "fields": {"app_label": "admin", "model": "logentry"}}, {"model": "contenttypes.contenttype", "pk": 2, "fields": {"app_label": "auth", "model": "permission"}}, {"model": "contenttypes.contenttype", "pk": 3, "fields": {"app_label": "auth", "model": "group"}}, {"model": "contenttypes.contenttype", "pk": 4, "fields": {"app_label": "auth", "model": "user"}}, {"model": "contenttypes.contenttype", "pk": 5, "fields": {"app_label": "contenttypes", "model": "contenttype"}}, {"model": "contenttypes.contenttype", "pk": 6, "fields": {"app_label": "sessions", "model": "session"}}, {"model": "contenttypes.contenttype", "pk": 7, "fields": {"app_label": "monoku", "model": "producto"}}, {"model": "contenttypes.contenttype", "pk": 8, "fields": {"app_label": "monoku", "model": "participante"}}, {"model": "contenttypes.contenttype", "pk": 9, "fields": {"app_label": "monoku", "model": "productosconsumido"}}, {"model": "contenttypes.contenttype", "pk": 10, "fields": {"app_label": "monoku", "model": "consumosmayores"}}, {"model": "sessions.session", "pk": "1cwmw6pgu03tslpht7huqkp2dw5fwwvn", "fields": {"session_data": "ODg1ZTM3ZTlkMTEzNThjNjg2ZGZhZDI1ZTE0MTAzZTVkNGUzODA5MDp7Il9hdXRoX3VzZXJfaWQiOiIyIiwiX2F1dGhfdXNlcl9iYWNrZW5kIjoiZGphbmdvLmNvbnRyaWIuYXV0aC5iYWNrZW5kcy5Nb2RlbEJhY2tlbmQiLCJfYXV0aF91c2VyX2hhc2giOiI5ZGFjZjA0NDhmNGU2MDE4N2VjYThiODRiYzRmYTk4OWE2YWQwYjNmIn0=", "expire_date": "2019-05-27T17:19:38.188Z"}}, {"model": "sessions.session", "pk": "jahxsi50va1tlv2q1qvklws6ztndlzf4", "fields": {"session_data": "ZDZhYjJiNDEyMjc0YWYwMzU5MGNmNTg3ZjE4ODk3MTAwMWE5ODBjZDp7Il9hdXRoX3VzZXJfaWQiOiIxIiwiX2F1dGhfdXNlcl9iYWNrZW5kIjoiZGphbmdvLmNvbnRyaWIuYXV0aC5iYWNrZW5kcy5Nb2RlbEJhY2tlbmQiLCJfYXV0aF91c2VyX2hhc2giOiJlYzcwMTgxM2JmYzg2ODU1NWY5ZjRkOTlhYjUzYWI3ZjlhODkyZDIwIn0=", "expire_date": "2019-05-20T20:12:24.310Z"}}, {"model": "sessions.session", "pk": "z49zbus8bfkxohvgd0sagprd814vq17i", "fields": {"session_data": "ZDZhYjJiNDEyMjc0YWYwMzU5MGNmNTg3ZjE4ODk3MTAwMWE5ODBjZDp7Il9hdXRoX3VzZXJfaWQiOiIxIiwiX2F1dGhfdXNlcl9iYWNrZW5kIjoiZGphbmdvLmNvbnRyaWIuYXV0aC5iYWNrZW5kcy5Nb2RlbEJhY2tlbmQiLCJfYXV0aF91c2VyX2hhc2giOiJlYzcwMTgxM2JmYzg2ODU1NWY5ZjRkOTlhYjUzYWI3ZjlhODkyZDIwIn0=", "expire_date": "2019-05-09T20:14:04.504Z"}}, {"model": "monoku.participante", "pk": 1, "fields": {"nombre": "yeison"}}, {"model": "monoku.participante", "pk": 2, "fields": {"nombre": "Alejandra"}}, {"model": "monoku.participante", "pk": 3, "fields": {"nombre": "Estefany"}}, {"model": "monoku.participante", "pk": 4, "fields": {"nombre": "Lacruz"}}, {"model": "monoku.participante", "pk": 5, "fields": {"nombre": "Eli"}}, {"model": "monoku.participante", "pk": 6, "fields": {"nombre": "Brayan"}}, {"model": "monoku.participante", "pk": 7, "fields": {"nombre": "Juan"}}, {"model": "monoku.participante", "pk": 8, "fields": {"nombre": "Felipe"}}, {"model": "monoku.participante", "pk": 9, "fields": {"nombre": "Andres"}}, {"model": "monoku.participante", "pk": 10, "fields": {"nombre": "Luis"}}, {"model": "monoku.participante", "pk": 11, "fields": {"nombre": "Jose"}}, {"model": "monoku.participante", "pk": 12, "fields": {"nombre": "Julian"}}, {"model": "monoku.participante", "pk": 13, "fields": {"nombre": "Natalia"}}, {"model": "monoku.participante", "pk": 14, "fields": {"nombre": "Leonel"}}, {"model": "monoku.producto", "pk": 1, "fields": {"nombreproducto": "Achiras", "cantidad": 20, "fechavencimiento": "2019-05-07"}}, {"model": "monoku.producto", "pk": 2, "fields": {"nombreproducto": "Bombombum", "cantidad": 0, "fechavencimiento": "2019-04-25"}}, {"model": "monoku.producto", "pk": 3, "fields": {"nombreproducto": "Galletas Bridge", "cantidad": 1, "fechavencimiento": "2019-04-25"}}, {"model": "monoku.producto", "pk": 4, "fields": {"nombreproducto": "Chips Ahoy", "cantidad": 0, "fechavencimiento": "2019-04-25"}}, {"model": "monoku.producto", "pk": 5, "fields": {"nombreproducto": "Galletas Club Social", "cantidad": 2, "fechavencimiento": "2019-05-16"}}, {"model": "monoku.producto", "pk": 6, "fields": {"nombreproducto": "Chocorramo", "cantidad": 4, "fechavencimiento": "2019-05-16"}}, {"model": "monoku.producto", "pk": 7, "fields": {"nombreproducto": "Cocosete", "cantidad": 10, "fechavencimiento": "2019-05-16"}}, {"model": "monoku.producto", "pk": 8, "fields": {"nombreproducto": "Cotufas", "cantidad": 10, "fechavencimiento": "2019-05-16"}}, {"model": "monoku.producto", "pk": 9, "fields": {"nombreproducto": "Frunas", "cantidad": 10, "fechavencimiento": "2019-05-16"}}, {"model": "monoku.producto", "pk": 10, "fields": {"nombreproducto": "Gala mini", "cantidad": 7, "fechavencimiento": "2019-05-16"}}, {"model": "monoku.producto", "pk": 11, "fields": {"nombreproducto": "Gansito", "cantidad": 14, "fechavencimiento": "2019-04-25"}}, {"model": "monoku.producto", "pk": 12, "fields": {"nombreproducto": "Jet", "cantidad": 2, "fechavencimiento": "2019-05-16"}}, {"model": "monoku.producto", "pk": 13, "fields": {"nombreproducto": "Jumbo", "cantidad": 15, "fechavencimiento": "2019-05-16"}}, {"model": "monoku.producto", "pk": 14, "fields": {"nombreproducto": "Pringles", "cantidad": 16, "fechavencimiento": "2019-05-16"}}, {"model": "monoku.producto", "pk": 15, "fields": {"nombreproducto": "Ritz", "cantidad": 9, "fechavencimiento": "2019-05-16"}}, {"model": "monoku.producto", "pk": 16, "fields": {"nombreproducto": "Galletas Ritz", "cantidad": 10, "fechavencimiento": "2019-05-16"}}, {"model": "monoku.producto", "pk": 17, "fields": {"nombreproducto": "Galletas Saltin Noel", "cantidad": 14, "fechavencimiento": "2019-05-16"}}, {"model": "monoku.productosconsumido", "pk": 43, "fields": {"nombre": 6, "nombreproducto": 3, "cantidadconsumida": 3}}, {"model": "monoku.productosconsumido", "pk": 44, "fields": {"nombre": 2, "nombreproducto": 3, "cantidadconsumida": 3}}, {"model": "monoku.productosconsumido", "pk": 45, "fields": {"nombre": 5, "nombreproducto": 3, "cantidadconsumida": 5}}, {"model": "monoku.productosconsumido", "pk": 46, "fields": {"nombre": 4, "nombreproducto": 2, "cantidadconsumida": 2}}, {"model": "monoku.productosconsumido", "pk": 47, "fields": {"nombre": 5, "nombreproducto": 5, "cantidadconsumida": 3}}, {"model": "monoku.productosconsumido", "pk": 48, "fields": {"nombre": 10, "nombreproducto": 13, "cantidadconsumida": 5}}, {"model": "monoku.productosconsumido", "pk": 49, "fields": {"nombre": 4, "nombreproducto": 15, "cantidadconsumida": 4}}, {"model": "monoku.productosconsumido", "pk": 50, "fields": {"nombre": 3, "nombreproducto": 16, "cantidadconsumida": 2}}, {"model": "monoku.productosconsumido", "pk": 51, "fields": {"nombre": 3, "nombreproducto": 12, "cantidadconsumida": 1}}, {"model": "monoku.productosconsumido", "pk": 52, "fields": {"nombre": 3, "nombreproducto": 11, "cantidadconsumida": 1}}, {"model": "monoku.productosconsumido", "pk": 53, "fields": {"nombre": 8, "nombreproducto": 12, "cantidadconsumida": 5}}, {"model": "monoku.productosconsumido", "pk": 54, "fields": {"nombre": 8, "nombreproducto": 12, "cantidadconsumida": 5}}, {"model": "monoku.productosconsumido", "pk": 55, "fields": {"nombre": 5, "nombreproducto": 15, "cantidadconsumida": 1}}, {"model": "monoku.productosconsumido", "pk": 56, "fields": {"nombre": 4, "nombreproducto": 14, "cantidadconsumida": 1}}, {"model": "monoku.productosconsumido", "pk": 57, "fields": {"nombre": 6, "nombreproducto": 10, "cantidadconsumida": 3}}, {"model": "monoku.productosconsumido", "pk": 58, "fields": {"nombre": 2, "nombreproducto": 2, "cantidadconsumida": 12}}, {"model": "monoku.productosconsumido", "pk": 59, "fields": {"nombre": 2, "nombreproducto": 2, "cantidadconsumida": 1}}, {"model": "monoku.productosconsumido", "pk": 60, "fields": {"nombre": 2, "nombreproducto": 17, "cantidadconsumida": 1}}, {"model": "monoku.productosconsumido", "pk": 61, "fields": {"nombre": 11, "nombreproducto": 12, "cantidadconsumida": 2}}, {"model": "auth.permission", "pk": 1, "fields": {"name": "Can add log entry", "content_type": 1, "codename": "add_logentry"}}, {"model": "auth.permission", "pk": 2, "fields": {"name": "Can change log entry", "content_type": 1, "codename": "change_logentry"}}, {"model": "auth.permission", "pk": 3, "fields": {"name": "Can delete log entry", "content_type": 1, "codename": "delete_logentry"}}, {"model": "auth.permission", "pk": 4, "fields": {"name": "Can add permission", "content_type": 2, "codename": "add_permission"}}, {"model": "auth.permission", "pk": 5, "fields": {"name": "Can change permission", "content_type": 2, "codename": "change_permission"}}, {"model": "auth.permission", "pk": 6, "fields": {"name": "Can delete permission", "content_type": 2, "codename": "delete_permission"}}, {"model": "auth.permission", "pk": 7, "fields": {"name": "Can add group", "content_type": 3, "codename": "add_group"}}, {"model": "auth.permission", "pk": 8, "fields": {"name": "Can change group", "content_type": 3, "codename": "change_group"}}, {"model": "auth.permission", "pk": 9, "fields": {"name": "Can delete group", "content_type": 3, "codename": "delete_group"}}, {"model": "auth.permission", "pk": 10, "fields": {"name": "Can add user", "content_type": 4, "codename": "add_user"}}, {"model": "auth.permission", "pk": 11, "fields": {"name": "Can change user", "content_type": 4, "codename": "change_user"}}, {"model": "auth.permission", "pk": 12, "fields": {"name": "Can delete user", "content_type": 4, "codename": "delete_user"}}, {"model": "auth.permission", "pk": 13, "fields": {"name": "Can add content type", "content_type": 5, "codename": "add_contenttype"}}, {"model": "auth.permission", "pk": 14, "fields": {"name": "Can change content type", "content_type": 5, "codename": "change_contenttype"}}, {"model": "auth.permission", "pk": 15, "fields": {"name": "Can delete content type", "content_type": 5, "codename": "delete_contenttype"}}, {"model": "auth.permission", "pk": 16, "fields": {"name": "Can add session", "content_type": 6, "codename": "add_session"}}, {"model": "auth.permission", "pk": 17, "fields": {"name": "Can change session", "content_type": 6, "codename": "change_session"}}, {"model": "auth.permission", "pk": 18, "fields": {"name": "Can delete session", "content_type": 6, "codename": "delete_session"}}, {"model": "auth.permission", "pk": 19, "fields": {"name": "Can add producto", "content_type": 7, "codename": "add_producto"}}, {"model": "auth.permission", "pk": 20, "fields": {"name": "Can change producto", "content_type": 7, "codename": "change_producto"}}, {"model": "auth.permission", "pk": 21, "fields": {"name": "Can delete producto", "content_type": 7, "codename": "delete_producto"}}, {"model": "auth.permission", "pk": 22, "fields": {"name": "Can add participante", "content_type": 8, "codename": "add_participante"}}, {"model": "auth.permission", "pk": 23, "fields": {"name": "Can change participante", "content_type": 8, "codename": "change_participante"}}, {"model": "auth.permission", "pk": 24, "fields": {"name": "Can delete participante", "content_type": 8, "codename": "delete_participante"}}, {"model": "auth.permission", "pk": 25, "fields": {"name": "Can add productosconsumido", "content_type": 9, "codename": "add_productosconsumido"}}, {"model": "auth.permission", "pk": 26, "fields": {"name": "Can change productosconsumido", "content_type": 9, "codename": "change_productosconsumido"}}, {"model": "auth.permission", "pk": 27, "fields": {"name": "Can delete productosconsumido", "content_type": 9, "codename": "delete_productosconsumido"}}, {"model": "auth.permission", "pk": 28, "fields": {"name": "Can add consumos mayores", "content_type": 10, "codename": "add_consumosmayores"}}, {"model": "auth.permission", "pk": 29, "fields": {"name": "Can change consumos mayores", "content_type": 10, "codename": "change_consumosmayores"}}, {"model": "auth.permission", "pk": 30, "fields": {"name": "Can delete consumos mayores", "content_type": 10, "codename": "delete_consumosmayores"}}, {"model": "auth.user", "pk": 2, "fields": {"password": "pbkdf2_sha256$100000$TEy8R9MskGJp$/9z1FoY2L0zyNvYU0eBobLa32qKGEWXrAHMzCd/nkWI=", "last_login": "2019-05-07T21:49:06.245Z", "is_superuser": true, "username": "milena", "first_name": "", "last_name": "", "email": "monoku@monoku.com", "is_staff": true, "is_active": true, "date_joined": "2019-05-07T21:48:18.476Z", "groups": [], "user_permissions": []}}, {"model": "admin.logentry", "pk": 40, "fields": {"action_time": "2019-05-07T21:55:52.153Z", "user": 2, "content_type": 4, "object_id": "1", "object_repr": "admin", "action_flag": 3, "change_message": ""}}, {"model": "admin.logentry", "pk": 41, "fields": {"action_time": "2019-05-07T23:08:45.577Z", "user": 2, "content_type": 9, "object_id": "10", "object_repr": "2", "action_flag": 2, "change_message": "[]"}}, {"model": "admin.logentry", "pk": 42, "fields": {"action_time": "2019-05-13T19:53:18.482Z", "user": 2, "content_type": 7, "object_id": "2", "object_repr": "Bombombum", "action_flag": 2, "change_message": "[{\"changed\": {\"fields\": [\"cantidad\"]}}]"}}, {"model": "admin.logentry", "pk": 43, "fields": {"action_time": "2019-05-13T19:54:47.367Z", "user": 2, "content_type": 9, "object_id": "42", "object_repr": "2", "action_flag": 3, "change_message": ""}}, {"model": "admin.logentry", "pk": 44, "fields": {"action_time": "2019-05-13T19:54:47.369Z", "user": 2, "content_type": 9, "object_id": "41", "object_repr": "30", "action_flag": 3, "change_message": ""}}, {"model": "admin.logentry", "pk": 45, "fields": {"action_time": "2019-05-13T19:54:47.371Z", "user": 2, "content_type": 9, "object_id": "40", "object_repr": "6", "action_flag": 3, "change_message": ""}}, {"model": "admin.logentry", "pk": 46, "fields": {"action_time": "2019-05-13T19:54:47.373Z", "user": 2, "content_type": 9, "object_id": "39", "object_repr": "5", "action_flag": 3, "change_message": ""}}, {"model": "admin.logentry", "pk": 47, "fields": {"action_time": "2019-05-13T19:54:47.378Z", "user": 2, "content_type": 9, "object_id": "38", "object_repr": "10", "action_flag": 3, "change_message": ""}}, {"model": "admin.logentry", "pk": 48, "fields": {"action_time": "2019-05-13T19:54:47.380Z", "user": 2, "content_type": 9, "object_id": "37", "object_repr": "10", "action_flag": 3, "change_message": ""}}, {"model": "admin.logentry", "pk": 49, "fields": {"action_time": "2019-05-13T19:54:47.382Z", "user": 2, "content_type": 9, "object_id": "36", "object_repr": "1", "action_flag": 3, "change_message": ""}}, {"model": "admin.logentry", "pk": 50, "fields": {"action_time": "2019-05-13T19:54:47.384Z", "user": 2, "content_type": 9, "object_id": "35", "object_repr": "0", "action_flag": 3, "change_message": ""}}, {"model": "admin.logentry", "pk": 51, "fields": {"action_time": "2019-05-13T19:54:47.386Z", "user": 2, "content_type": 9, "object_id": "34", "object_repr": "0", "action_flag": 3, "change_message": ""}}, {"model": "admin.logentry", "pk": 52, "fields": {"action_time": "2019-05-13T19:54:47.387Z", "user": 2, "content_type": 9, "object_id": "33", "object_repr": "8", "action_flag": 3, "change_message": ""}}, {"model": "admin.logentry", "pk": 53, "fields": {"action_time": "2019-05-13T19:54:47.389Z", "user": 2, "content_type": 9, "object_id": "32", "object_repr": "3", "action_flag": 3, "change_message": ""}}, {"model": "admin.logentry", "pk": 54, "fields": {"action_time": "2019-05-13T19:54:47.392Z", "user": 2, "content_type": 9, "object_id": "31", "object_repr": "1", "action_flag": 3, "change_message": ""}}, {"model": "admin.logentry", "pk": 55, "fields": {"action_time": "2019-05-13T19:54:47.395Z", "user": 2, "content_type": 9, "object_id": "30", "object_repr": "2", "action_flag": 3, "change_message": ""}}, {"model": "admin.logentry", "pk": 56, "fields": {"action_time": "2019-05-13T19:54:47.398Z", "user": 2, "content_type": 9, "object_id": "29", "object_repr": "2", "action_flag": 3, "change_message": ""}}, {"model": "admin.logentry", "pk": 57, "fields": {"action_time": "2019-05-13T19:54:47.401Z", "user": 2, "content_type": 9, "object_id": "28", "object_repr": "2", "action_flag": 3, "change_message": ""}}, {"model": "admin.logentry", "pk": 58, "fields": {"action_time": "2019-05-13T19:54:47.403Z", "user": 2, "content_type": 9, "object_id": "27", "object_repr": "5", "action_flag": 3, "change_message": ""}}, {"model": "admin.logentry", "pk": 59, "fields": {"action_time": "2019-05-13T19:54:47.405Z", "user": 2, "content_type": 9, "object_id": "26", "object_repr": "2", "action_flag": 3, "change_message": ""}}, {"model": "admin.logentry", "pk": 60, "fields": {"action_time": "2019-05-13T19:54:47.408Z", "user": 2, "content_type": 9, "object_id": "25", "object_repr": "3", "action_flag": 3, "change_message": ""}}, {"model": "admin.logentry", "pk": 61, "fields": {"action_time": "2019-05-13T19:54:47.413Z", "user": 2, "content_type": 9, "object_id": "24", "object_repr": "7", "action_flag": 3, "change_message": ""}}, {"model": "admin.logentry", "pk": 62, "fields": {"action_time": "2019-05-13T19:54:47.417Z", "user": 2, "content_type": 9, "object_id": "23", "object_repr": "4", "action_flag": 3, "change_message": ""}}, {"model": "admin.logentry", "pk": 63, "fields": {"action_time": "2019-05-13T19:54:47.419Z", "user": 2, "content_type": 9, "object_id": "22", "object_repr": "3", "action_flag": 3, "change_message": ""}}, {"model": "admin.logentry", "pk": 64, "fields": {"action_time": "2019-05-13T19:54:47.421Z", "user": 2, "content_type": 9, "object_id": "21", "object_repr": "6", "action_flag": 3, "change_message": ""}}, {"model": "admin.logentry", "pk": 65, "fields": {"action_time": "2019-05-13T19:54:47.422Z", "user": 2, "content_type": 9, "object_id": "20", "object_repr": "1", "action_flag": 3, "change_message": ""}}, {"model": "admin.logentry", "pk": 66, "fields": {"action_time": "2019-05-13T19:54:47.425Z", "user": 2, "content_type": 9, "object_id": "19", "object_repr": "3", "action_flag": 3, "change_message": ""}}, {"model": "admin.logentry", "pk": 67, "fields": {"action_time": "2019-05-13T19:54:47.428Z", "user": 2, "content_type": 9, "object_id": "18", "object_repr": "5", "action_flag": 3, "change_message": ""}}, {"model": "admin.logentry", "pk": 68, "fields": {"action_time": "2019-05-13T19:54:47.430Z", "user": 2, "content_type": 9, "object_id": "17", "object_repr": "2", "action_flag": 3, "change_message": ""}}, {"model": "admin.logentry", "pk": 69, "fields": {"action_time": "2019-05-13T19:54:47.432Z", "user": 2, "content_type": 9, "object_id": "16", "object_repr": "2", "action_flag": 3, "change_message": ""}}, {"model": "admin.logentry", "pk": 70, "fields": {"action_time": "2019-05-13T19:54:47.434Z", "user": 2, "content_type": 9, "object_id": "15", "object_repr": "4", "action_flag": 3, "change_message": ""}}, {"model": "admin.logentry", "pk": 71, "fields": {"action_time": "2019-05-13T19:54:47.437Z", "user": 2, "content_type": 9, "object_id": "14", "object_repr": "1", "action_flag": 3, "change_message": ""}}, {"model": "admin.logentry", "pk": 72, "fields": {"action_time": "2019-05-13T19:54:47.440Z", "user": 2, "content_type": 9, "object_id": "13", "object_repr": "2", "action_flag": 3, "change_message": ""}}, {"model": "admin.logentry", "pk": 73, "fields": {"action_time": "2019-05-13T19:54:47.444Z", "user": 2, "content_type": 9, "object_id": "12", "object_repr": "2", "action_flag": 3, "change_message": ""}}, {"model": "admin.logentry", "pk": 74, "fields": {"action_time": "2019-05-13T19:54:47.446Z", "user": 2, "content_type": 9, "object_id": "11", "object_repr": "1", "action_flag": 3, "change_message": ""}}, {"model": "admin.logentry", "pk": 75, "fields": {"action_time": "2019-05-13T19:54:47.449Z", "user": 2, "content_type": 9, "object_id": "10", "object_repr": "2", "action_flag": 3, "change_message": ""}}, {"model": "admin.logentry", "pk": 76, "fields": {"action_time": "2019-05-13T19:54:47.450Z", "user": 2, "content_type": 9, "object_id": "9", "object_repr": "0", "action_flag": 3, "change_message": ""}}, {"model": "admin.logentry", "pk": 77, "fields": {"action_time": "2019-05-13T19:54:47.452Z", "user": 2, "content_type": 9, "object_id": "8", "object_repr": "6", "action_flag": 3, "change_message": ""}}, {"model": "admin.logentry", "pk": 78, "fields": {"action_time": "2019-05-13T19:54:47.453Z", "user": 2, "content_type": 9, "object_id": "7", "object_repr": "3", "action_flag": 3, "change_message": ""}}, {"model": "admin.logentry", "pk": 79, "fields": {"action_time": "2019-05-13T19:54:47.455Z", "user": 2, "content_type": 9, "object_id": "6", "object_repr": "3", "action_flag": 3, "change_message": ""}}, {"model": "admin.logentry", "pk": 80, "fields": {"action_time": "2019-05-13T19:55:06.230Z", "user": 2, "content_type": 7, "object_id": "17", "object_repr": "Galletas Saltin Noel", "action_flag": 2, "change_message": "[]"}}, {"model": "admin.logentry", "pk": 81, "fields": {"action_time": "2019-05-13T19:55:11.338Z", "user": 2, "content_type": 7, "object_id": "16", "object_repr": "Galletas Ritz", "action_flag": 2, "change_message": "[]"}}, {"model": "admin.logentry", "pk": 82, "fields": {"action_time": "2019-05-13T19:55:20.079Z", "user": 2, "content_type": 7, "object_id": "1", "object_repr": "Achiras", "action_flag": 2, "change_message": "[{\"changed\": {\"fields\": [\"cantidad\"]}}]"}}, {"model": "admin.logentry", "pk": 83, "fields": {"action_time": "2019-05-13T19:55:32.645Z", "user": 2, "content_type": 7, "object_id": "3", "object_repr": "Galletas Bridge", "action_flag": 2, "change_message": "[]"}}, {"model": "admin.logentry", "pk": 84, "fields": {"action_time": "2019-05-13T19:55:39.439Z", "user": 2, "content_type": 7, "object_id": "5", "object_repr": "Galletas Club Social", "action_flag": 2, "change_message": "[]"}}, {"model": "admin.logentry", "pk": 85, "fields": {"action_time": "2019-05-13T19:56:32.325Z", "user": 2, "content_type": 7, "object_id": "14", "object_repr": "Pringles", "action_flag": 2, "change_message": "[{\"changed\": {\"fields\": [\"cantidad\"]}}]"}}, {"model": "admin.logentry", "pk": 86, "fields": {"action_time": "2019-05-13T19:56:38.201Z", "user": 2, "content_type": 7, "object_id": "17", "object_repr": "Galletas Saltin Noel", "action_flag": 2, "change_message": "[{\"changed\": {\"fields\": [\"cantidad\"]}}]"}}, {"model": "admin.logentry", "pk": 87, "fields": {"action_time": "2019-05-13T21:11:02.569Z", "user": 2, "content_type": 9, "object_id": "43", "object_repr": "3", "action_flag": 1, "change_message": "[{\"added\": {}}]"}}]